TV,Radio,TV2,Season_Spring,Season_Summer,Season_Winter,Sales
57.450712295168486,39.26177547531641,46.63231223832878,False,False,False,228.20179166472334
47.92603548243223,49.094166404701305,42.43324967586732,False,False,True,217.16320460824437
59.715328071510385,16.01432426180859,48.14793596515204,True,False,False,202.20849022786106
72.84544784612038,35.62969236690571,56.98814165352054,False,False,True,272.23191639944986
46.48769937914996,23.49357430878173,37.55705201241682,False,False,False,175.39018277443452
46.487945645762295,25.12874616235304,38.820250603719,True,False,False,172.51673216090893
73.68819223261087,24.07606075761131,59.09713399706582,False,False,False,263.8183652188206
61.51152093729363,21.36009230320184,49.33099182344655,False,False,False,212.15202098971423
42.95788421097572,30.48521627944827,32.26033230536031,False,True,False,179.8463602381227
58.13840065378947,21.69049883588962,44.52201777037874,True,False,False,219.17273917139298
43.04873460781307,32.704568257798385,30.231171870851377,False,True,False,175.34623725167486
43.01405369644615,29.49761890550863,39.65997318671774,True,False,False,179.6436567914348
53.629434073490515,27.610519531335903,39.17195755261856,False,False,False,206.77735582870085
21.300796330133032,20.924363379584022,14.961921470718705,False,False,False,113.31202911753313
24.126232512304508,24.232286694316674,17.145764213136015,False,False,True,106.68848305962894
41.56568706138541,37.55391225825756,35.93732277994165,True,False,False,187.38850250598887
34.80753319498364,35.009171876243805,26.96117752111083,False,True,False,143.92826866510418
54.71370998892911,20.22444755201449,47.51419420916449,False,False,True,192.51093400891457
36.37963886718184,30.993323054292258,27.08323922101387,False,False,True,160.45604388375915
28.815444479970626,37.51387123371789,23.88933807064791,False,False,True,155.86242004320695
71.98473153382331,13.305947188786284,55.081744067279374,False,True,False,226.1056484647757
46.61335549270196,35.43360192379935,43.72613177748174,False,False,True,201.27919448973378
51.012923070318855,23.373762410541534,37.24754319916655,False,True,False,187.59362517490518
28.628777206798148,35.70598668593159,23.8324838961196,False,False,True,129.27309042215333
41.834259132122256,22.36740843457483,35.3687379484941,False,True,False,160.50658481581934
51.663838845647994,11.951178993354809,42.57246836887289,False,False,False,186.59157489080187
32.73509633866546,13.724575621168373,25.63221409429924,False,False,False,109.828771168456
55.63547027518508,30.48084946661382,44.118914120947785,False,False,False,211.7481833025145
40.99041965121793,32.59722501721482,32.92377013691167,False,False,False,163.97398460235948
,20.956833748955916,36.05866899759521,False,False,False,
40.97440081655905,36.38592458777374,35.671158003631966,False,False,True,190.9594504795348
77.78417276763406,13.3847993773104,68.8589072188813,False,False,True,253.25752156493672
49.79754162893099,29.339202013526833,38.1655579481213,False,False,True,206.61395380720586
34.13433606566149,17.889838002375434,23.198059913791965,False,True,False,138.1101975840003
,23.48163892197841,49.60569280018451,False,True,False,
31.687345250434667,30.47398671316414,33.089004213310695,False,True,False,136.75222013620032
53.132953925071334,21.395866347160478,40.095339436147874,False,True,False,184.32467084143872
,26.154444557701748,21.401308929774896,False,False,False,
,40.0629280921444,29.094869855448156,False,False,False,
52.952918538036855,24.231081304768512,40.70157010530551,False,False,False,195.04709504954363
61.07699869993115,38.35692112065142,50.56854819750075,True,False,False,235.77753430133694
52.57052421784956,18.70293145342382,46.94160924366526,False,False,True,175.3758664566982
48.265275764176394,35.298041779152825,37.47483738837865,False,True,False,198.5923201038361
45.48344456616067,44.415686206579004,35.77601457262145,False,True,False,199.31744557585984
27.822170144488588,5.283554998727105,20.51269337374494,False,False,False,89.82946136689968
,22.031047445295233,28.3175993071849,False,True,False,
43.09041843560319,35.7707212718054,32.524502113284534,False,True,False,162.91291432341475
65.85683339328374,27.969546139570074,49.01364591434022,False,False,True,229.2586225595333
55.15427434352692,33.71145873371309,44.22566987959922,False,False,False,234.4015557455919
23.55439766955899,23.960148132841795,16.53359844247127,False,False,True,104.55053115434272
54.86125954092192,30.865897874729,44.59036536810978,True,False,False,190.74316061567902
44.22376579375525,28.443227646079205,30.71132569639332,True,False,False,163.7366174142545
39.84616999541062,41.67782061659807,32.86957669297187,True,False,False,201.93097986026044
59.175144332613016,32.54420843301213,49.84070235091719,False,False,False,220.7177659651985
65.46499283743927,33.37602662075202,46.39078734223705,False,True,False,255.73114040262308
63.96920178674298,25.881230338775325,52.2975311389371,False,False,False,231.69839485508956
37.41173715166042,25.123937759275066,33.61239669874821,False,False,False,146.04138179390208
45.36181436223178,25.67441812180379,32.66052843371181,False,True,False,180.8006340355058
54.96895147105346,33.944521423782966,48.992878337355876,False,False,True,198.74878314598453
64.63317690683539,25.79015519179737,52.96359855356645,True,False,False,221.0557025493494
42.81238643232065,32.89774856896413,32.13487357858129,False,False,True,175.84497405329168
47.215115350042744,50.75400798645439,37.60478504706108,True,False,False,207.03312284365296
33.40497538990958,193.55623517158463,28.398961049492833,False,False,False,385.90305661907394
32.05690063878994,26.73976467832159,25.873536685269187,True,False,False,143.1100532993148
62.18788733591297,42.012139221639444,51.36657784606948,False,False,False,250.63896461088592
70.34360042856234,25.919246269784487,53.51285956361178,False,False,True,262.55460697444045
48.91984817629499,9.618754648221461,39.64396101314423,False,False,False,162.75067877603112
65.05299346838036,19.91913689082596,47.80125128398935,False,False,True,234.97737239333625
55.424540375714514,11.292080789741444,44.005954116525515,False,True,False,182.6991799107277
40.323203680923136,26.484865159586914,29.54684002034414,False,True,False,155.9747049152715
55.42093408262621,30.184183791895517,42.13015743833167,False,True,False,223.383622380057
73.07054849698955,46.76437312275283,62.16471832322295,False,False,False,283.6834028716093
49.46260941335073,166.34636868820814,42.84401789246339,False,True,False,400.65813985735883
73.4696548372101,27.808994711911357,60.60313823248962,True,False,False,268.27363548529314
10.703823438653835,38.294055811834895,5.286120456905331,False,False,True,98.2844956694807
62.32853756562836,7.88864690992115,48.91360470341828,False,False,True,191.49504170000665
51.30570602357257,32.356145581085656,44.68385791879561,True,False,False,210.8669396889723
45.51488974301199,37.708651938869664,36.83706253532931,False,False,False,185.27600516848233
51.37641164803254,15.214137542201584,48.05911793837112,False,False,False,183.43607050019995
20.186466280986608,41.43754043206929,17.329126542972404,False,False,True,128.99709725945655
46.70492168243732,33.38496407494414,37.940084695419955,False,True,False,196.74125645396737
55.3566885726762,25.847120860991986,43.358001465533455,False,False,False,195.20071884072436
,36.32781866106285,58.13535125124504,False,False,False,
,52.70692857804396,33.3233478715746,True,False,False,
37.87259595660218,31.818662550584953,32.42240279534752,True,False,False,162.8929479609779
42.47364434623195,32.48220586300336,36.84902242736931,False,True,False,169.59530839636426
63.731031765531114,25.40639100459756,48.62685703090105,False,False,False,236.6606627181136
54.93126664489527,21.501556305352082,39.95131445524288,False,False,False,197.9574914175201
42.05359694349442,38.303358165442454,28.134261435485648,True,False,False,170.22027396802537
57.699011496700344,21.439161740911327,47.683183178097906,False,False,False,198.08626140293475
,30.715662372193925,37.85483077365487,False,False,True,
64.52967485799334,25.223425532348834,45.16506810753722,True,False,False,243.47070917362052
39.469203591839715,34.78979825746392,32.741098687064664,False,True,False,181.23377285216475
45.085067801033475,33.33662105286948,43.547052793125154,True,False,False,195.87588323085808
44.118377703017636,40.375399442578995,35.27648942779443,False,False,False,194.77711449439232
28.04727577801822,24.89983601145253,24.953292945769505,False,True,False,128.80033968546707
54.44180415596864,27.301250647066286,43.798931400417615,True,False,False,195.15105316901824
53.91582908269834,20.212362842176926,42.83599430658524,False,False,True,194.12045629850257
50.07670184963691,25.557067399238882,42.81859092867284,False,False,True,194.17876826096582
,33.77300493044852,36.31413076693229,True,False,False,
28.769438869243785,37.56988616645352,23.81772803761074,False,False,True,146.34244257454657
,20.778346758223748,35.91734954540373,False,False,True,
44.85928225209846,38.6960592010566,33.88315444074962,False,False,True,199.0920938343653
37.96584096167572,43.55637858804951,33.348799817950145,False,True,False,186.57245242041435
47.580714325009865,34.13434903223701,37.53969218992167,False,False,True,176.324411135927
56.060762852218076,48.76795812558066,42.58137480329593,False,False,True,255.7979765382486
78.29278851815795,22.26210800896427,64.24376034523758,False,False,True,268.7825487859029
52.61866719247759,17.55345296688583,39.39952980860896,False,True,False,178.03669051520117
53.86325586084146,12.212797510957213,43.17514816078056,True,False,False,178.51186103448077
,44.96044311489183,39.07929202087338,False,False,False,
21.21843177051438,36.54365656354058,20.23243211390624,False,False,True,128.85431665087114
49.602291868261744,29.44415329089545,41.105928193249255,True,False,False,190.28993975893806
50.9034531491154,32.799686263198204,40.64768164305689,False,False,True,198.00084234593496
86.94863168727929,18.745109527016233,72.0122042474243,False,True,False,287.6191188268553
,54.45751979616826,41.86229106967848,True,False,False,
54.523210135004184,31.292211819752275,45.291999027058935,False,True,False,211.55961534089073
,31.093947946048928,39.614516623067225,False,False,True,
32.46982943570702,37.25766623898692,22.040354851515136,False,False,True,159.0158343035301
67.14234221772531,34.810092317367136,50.51853278495414,False,True,False,246.21032549464564
61.27899549030161,32.23884024279131,48.10752227917729,False,False,False,214.94643858409327
61.865479205645705,110.47627722773441,47.66384675803872,False,True,False,363.2789111602762
36.35918817807892,34.714683571359956,28.526436633506798,False,False,True,166.8074288898982
71.04191466404149,48.82024496475034,57.00348150592451,False,True,False,285.72994612882263
28.972234058115788,217.27100230774886,24.766865509562823,False,False,False,410.0583295183971
58.80285640700406,45.93186626639397,46.830788791425974,False,True,False,256.48300462646966
82.85683438714968,24.88784323568815,67.74497244119834,False,False,False,310.5995092165685
35.14195512303968,20.10395179741419,28.306987342862104,False,False,False,139.17203721377246
41.50553405595842,28.74213079900352,27.27802754570513,False,True,False,159.39272090775754
51.49477047631462,30.557249122886947,38.37781019959544,False,True,False,199.0844609623305
42.44786518825701,40.94191518470949,33.52602948344076,True,False,False,192.20104971858765
26.74004853400801,13.075353702851807,17.762954598683088,False,False,True,83.03694970036682
51.02844462209041,45.29550319460614,42.62254188766095,False,False,False,223.70458227240542
34.06544429410843,28.419921014210107,31.844607932317835,True,False,False,148.31761543958507
,25.7311893005258,49.339394722714125,False,True,False,
36.20863648649295,19.878956247398325,28.326580576403735,False,False,True,150.22133024956076
73.24901607526309,13.451433281342307,63.07139127076033,True,False,False,240.81357543011902
38.251200614956446,38.231705839619146,31.04696286357149,False,False,False,184.2182558569409
45.16907725691487,30.733179671884038,35.12400389217778,True,False,False,197.89242783088068
62.202758260545046,17.10039100258946,47.921998617813216,False,False,False,212.48247292747502
31.53703525349067,17.04921227936384,24.322219143328155,False,True,False,123.53042080725976
53.41189901906194,26.642153007098717,41.56498875962587,False,False,True,188.0605477429493
,46.69021525289393,56.19696171851561,False,False,True,
25.88775148158159,27.40408648636395,21.191923128414867,False,False,True,114.06381366221454
52.769507877984566,14.968570468818939,42.2247443628479,False,True,False,177.2124329010457
53.89824191372635,27.542569359140558,44.42940804022014,False,False,False,194.23959558198536
61.72734307665966,27.272764302523296,52.95381328568675,False,True,False,225.803212387946
,3.0311335705842843,28.00525387578699,False,False,True,
30.193150803735854,29.457051334821877,19.699826737638976,False,True,False,143.33219126415733
57.829123484253465,27.69065469791322,38.60153538269691,False,True,False,211.22516333576056
,36.96206364813418,46.36677581251605,False,True,False,
53.75739275518815,48.48956094945345,38.905278108904255,False,False,False,235.01252907002797
55.19672314245464,41.26565029547757,43.48308230828566,True,False,False,227.37506067528957
39.79962917632264,27.311113094451695,28.329364262880034,True,False,False,153.46915811940949
,18.934740912583298,37.381103053191985,False,True,False,
54.39608709948022,55.733598032498605,45.141257864198536,True,False,False,238.1865416413779
39.28472872960448,30.592184340144883,33.70524846459153,True,False,False,166.3811823280175
77.98661766717134,30.139292919129463,60.659762931556926,False,True,False,300.232187875647
57.10749381367681,29.758749128899968,37.91286817450672,False,True,False,201.51576135112626
32.13044754196027,31.980847607678548,24.06562468881077,False,False,True,142.23267734132534
59.84830412950745,28.556395880760576,49.0540553198136,True,False,False,216.9674652380701
35.379774946590175,24.263379931197637,23.867085250949753,False,False,False,139.06831566866663
61.806269056136784,24.531410587596078,49.99509500424689,False,True,False,230.37531968658027
67.37893368511106,29.672467297840015,53.857217400569866,False,False,True,252.98811447664542
37.68976522472434,24.565752288662352,31.889686678582738,False,False,False,156.70805612801794
64.45064193866483,22.871542173228356,51.919254656174324,True,False,False,227.90320311386583
56.191713904047475,31.06430227691897,42.03416430059332,False,False,True,206.594800567962
62.33090239991735,27.450227825791448,53.45443642492736,False,True,False,219.25056604835936
78.4518947398092,45.039929885826886,62.285927072766455,False,False,False,308.8856567079007
46.31917825995694,3.490301916069882,36.97342898943576,False,True,False,145.55964284128203
38.693957534637654,40.91506851922462,28.155362150490536,True,False,False,187.53613463138058
36.65728355561715,42.46085192497629,27.995980090919186,False,False,False,176.00922538029027
37.762845725518424,9.266097675918505,27.555868438334038,True,False,False,117.72356374377603
48.843474358788434,132.86562029598255,38.55594130726048,True,False,False,341.6536390068739
55.117279622249654,26.285591340042085,49.22894913822676,False,False,True,211.29873907427552
54.150361989950284,15.924883052821787,39.20458616316616,False,True,False,192.02107051899253
62.40774873554036,22.221833124091248,45.085514794802066,False,False,False,227.39686494999546
50.19502837816861,18.894241545341714,44.56953368501571,True,False,False,170.53825454687686
71.80301115735975,47.52270443423623,56.8144378944322,True,False,False,277.0848487948182
46.03014750143066,39.35678393147461,34.816899785164786,False,False,False,195.60719824352455
90.80253749884429,42.71555094994159,75.76174406126366,True,False,False,348.0015270537129
59.385010216475095,37.21672064043235,45.691161553969486,False,False,True,230.42916504360963
37.14263665375576,18.709482287827708,35.19213846364541,False,False,True,145.1319085178166
33.93661252908332,24.754797337202262,29.183067637284466,False,False,True,144.58252270456506
57.23708622864778,34.89374561227918,44.32593475848112,False,False,True,232.13805910172704
46.64805822011223,17.778721911080545,43.7903712158863,True,False,False,179.9277795585432
60.71000741138138,37.12998430172388,46.7508611600951,False,False,False,250.32025008485883
57.09856436860317,27.59674601841865,47.90513761091046,False,False,False,207.93396546272143
48.90756631014691,26.251791924504026,40.02393078933701,False,False,False,169.3172232867274
37.29809422897392,37.10959968203491,33.74369925137553,False,False,False,162.1304475270562
,34.4426331148604,26.506366893950183,False,True,False,
43.302275718994686,26.3903383418092,34.737833022393055,False,False,False,166.5991724482126
62.84598191485209,41.59329803364248,48.01653192084312,False,True,False,266.6710843384451
53.21140616195306,19.189366724001026,43.9490413583798,False,True,False,188.56851100639233
31.31391831932018,36.15935606944264,23.017988546199827,False,False,True,155.41048410417403
52.59771388776773,35.93101257968384,48.118332852794055,False,True,False,213.4273750100077
55.77976069593255,26.904535606860097,45.033414549994255,True,False,False,204.9230200301612
36.74213845698301,33.26133022242118,28.297746111650078,False,True,False,144.71991728087946
52.305876589182915,17.48886423614697,42.398742188941064,False,False,True,184.52198501343733
50.87313077669,39.24027019206901,36.65712575276291,False,True,False,237.5169759634065
32.85544553254066,28.15097863557011,23.369514310500573,True,False,False,130.83713735227445
55.36681040522425,123.86384897404803,47.89469004801268,True,False,False,337.377220321751
58.41176789552352,40.49009225836889,44.75873147950463,True,False,False,251.46155649467514
66.24576864762915,22.95656309457241,49.8558819700575,False,False,True,241.10881434370077
65.80703078052355,15.915387036364404,54.2555828820007,False,False,True,224.79353194030472
29.334959480643633,14.433708264760963,27.0250800485039,False,False,False,120.55683173800881
35.93262440127316,180.30049756728198,30.90295945301373,False,False,True,373.59660401109363
,17.19570647503717,49.16856626392136,True,False,False,
57.706789263683135,47.54794181984364,43.895046145238126,True,False,False,252.08351345602145
57.72571529459072,9.18070592116278,41.91514023544705,False,False,True,205.83103970807952
,46.96456368290038,90.73677884372312,False,True,False,
58.56335766039751,32.11017467202618,45.8826466117916,False,False,True,236.10121065771494
67.03348460270898,29.032868881296075,52.87428863280205,False,False,True,249.70446961679892
64.31002645239803,24.550809131910505,55.43260358746561,True,False,False,231.0607815944952
59.77086876958697,33.991361143520706,49.48538504387156,False,False,False,230.23781424600406
,29.623652975751515,37.58443238056068,True,False,False,
61.38453830739901,41.03301882016521,55.602637680622465,False,False,False,253.4078551381491
38.40762178193643,31.142276486620396,28.795542734408713,True,False,False,155.67812791312926
46.44772089889987,31.503017614618777,39.94169710336361,False,False,True,179.960163498609
,26.36387787786144,34.34667680074202,True,False,False,
51.22811209079484,29.430543762789327,41.78826650922564,True,False,False,204.14322411774194
84.71987850010262,33.07801768892059,72.3613080793197,True,False,False,304.40866270257726
21.99102211112378,12.898316073433744,19.116324957767898,False,False,True,95.95688941001508
60.2939028556177,16.51814577894287,49.850010521643064,False,False,True,219.06641988710032
25.809261932155223,37.43264094022715,23.864931557653588,False,False,True,146.0425398294107
,31.70865438127942,33.241959421898144,False,False,True,
66.33425895451049,28.160166636473207,50.54977816159138,False,False,False,249.35586626847896
,30.18433933065393,37.63693264708246,False,False,False,
33.83382833106041,33.47581705361671,21.167992896720325,False,True,False,165.5224727364253
39.27044436110047,24.602403196906387,37.58497687870135,False,False,True,155.7251111885236
60.19396623402014,22.216952745976872,44.845547890051066,False,False,False,211.05555472207908
39.04450052424295,31.958452550976816,30.571839548637044,True,False,False,160.16080538445107
53.246878843729625,20.21627222384968,41.76706317531694,False,False,True,193.57934802084782
50.68357759855721,34.082527557144715,41.46908217227307,False,True,False,206.9083278721255
40.22599478591275,12.974163957621595,34.62800746634809,False,True,False,144.0269285575888
82.15916133987989,40.29155637325644,68.30874953698314,False,True,False,309.70819890201915
59.50878533477017,34.72597482413043,45.85779595210932,True,False,False,235.98361434194462
19.622861200135894,32.56029734313876,15.19692381874948,False,False,False,105.92869492780062
52.796814721541416,39.82690983945514,43.085191628698034,True,False,False,211.150686399072
40.07320302847418,46.65474444462576,31.312489044228705,False,False,True,184.523101777052
62.78650002194336,40.1437006501813,55.051236745614666,False,True,False,256.3754598035298
38.11218892350949,11.591257686683548,31.96267599372235,True,False,False,135.4860317847801
48.278953377996515,17.204230332642986,40.82779606054667,True,False,False,155.79650346535144
57.57480918470686,23.751814223043212,48.04849115376773,False,False,False,217.12617630308492
62.98632791255182,30.260910502108338,53.909483902497435,False,False,False,249.3938306620392
31.995553894163358,35.17659020469123,26.139507791441808,False,True,False,143.02421218345867
44.98248146238578,22.742561868465344,32.09548932604108,True,False,False,171.7505675600637
42.87582033258566,31.867667644770783,35.499720121326455,True,False,False,172.6412977158543
40.200061511394324,22.446170676466775,30.205978527739976,False,False,False,159.29589595265247
76.48181360421646,23.884821970080516,59.59960083812389,True,False,False,255.94460265516832
56.07472566441433,15.933389031517777,46.61887258779675,True,False,False,191.5526952837294
,103.8383376944548,28.584241762280364,True,False,False,
,16.483153943836662,51.07815809486551,False,False,False,
81.8323429551895,20.241267470226674,66.39237340194849,False,True,False,279.27089662226604
65.4869789082672,40.536417966078396,57.49622796051948,False,False,True,256.55320124824135
27.2094505106898,20.50601111168057,22.489819947017544,False,True,False,99.64655952484138
42.73648890700623,56.32382064837391,41.994240468146174,False,False,True,208.63480000366533
69.00366723779933,34.93317900880889,56.8994627271341,True,False,False,255.65658298857312
39.38495801571829,31.84836123694874,26.22567813510718,False,True,False,160.34554563616507
56.657291422193424,21.416422198187867,47.58585800106834,False,False,True,204.572931310371
61.61951080144005,37.003098794089915,50.43908379580038,False,False,False,237.62807870608478
36.09604292632876,24.243621737622263,32.74609260331124,False,False,False,146.0305323641032
49.107119659073,31.220098146453616,41.30523978106827,False,True,False,203.77252460528075
1.380989898963911,55.60084538268795,0.6894239672198074,False,True,False,84.29254000108875
34.63418537998565,29.0394010027535,24.03445359512043,True,False,False,136.39872182605342
46.2114777291026,41.49273326285676,36.342112411424004,False,True,False,195.25987229659393
31.283252270527257,22.968235748741126,22.475040453793905,True,False,False,132.97081819447965
74.48616955897452,29.650115095030383,57.84736529776546,True,False,False,273.35723159909054
28.54787933059051,47.7080063563551,24.604038677734238,False,False,False,160.45432910243406
43.39933269954524,23.730329422122324,39.72917967269041,False,False,False,176.19939067892332
,48.12448557996929,42.75290151690204,False,False,True,
71.61909933599173,37.07751935455475,53.70763028268784,False,False,False,286.8909062238819
28.46206773230841,24.375332241057322,24.10346219050715,False,False,False,128.49469864735846
67.4474562823244,36.32407739055521,57.54785948579648,False,True,False,236.64058517114302
50.1534959152938,39.7255444962673,38.2934480192769,False,False,False,224.4540735299909
35.27737023428074,181.0904981108598,27.819844687405837,False,False,True,373.33196498804614
56.93155211394906,14.297752801095436,45.589306275346836,False,True,False,183.9684760278349
52.98589543360205,22.728628241751316,40.034021407634924,False,False,True,199.2407975420963
40.99674684261808,27.52481364448495,34.74223877562604,False,False,False,150.37201721588931
51.04703127485028,29.255665708999537,40.47478057405689,False,False,True,193.46083853747726
44.220296047073596,36.206720975506784,36.634834169379964,False,True,False,199.4277579294746
,31.77701000933254,38.69973160960868,True,False,False,
59.9319601178157,16.64655641289899,46.63319319328233,False,False,True,213.26363322030934
73.79025224218029,33.801978510059634,61.19934586722755,False,False,True,268.8184396876505
31.432767517597263,180.52928726419114,24.02771455780251,False,True,False,352.78527345733374
81.995500619844,35.5979044793104,70.77729204957542,False,True,False,305.03789801300746
20.718683007162472,40.807807255546216,15.37603784888617,False,False,True,132.80980915474234
47.72322357446625,38.33922154548904,38.85263303682866,False,False,False,207.7584501302812
58.82475809726865,34.59180079228437,49.857578973434194,False,False,True,232.03452932117543
54.21487801602549,29.29834288541353,39.1168052140213,False,True,False,198.85560242842018
40.659507202691096,13.390390664840087,27.245179326210554,True,False,False,161.56626430981126
46.87816624464087,34.296182191325855,32.925564052002414,True,False,False,195.9170715647848
42.604985980117505,32.076876871631114,37.87174109437555,False,False,False,174.53918011508586
41.15952864583683,32.715788371953735,31.272048478992122,False,False,True,173.19667459557417
62.744031455315366,17.232514241796906,57.86982302125705,True,False,False,215.2776455532299
55.35523228947571,19.189434595917376,42.59144303560841,False,False,True,205.40671485956705
39.60635607109019,40.53152853332904,32.238738766463264,False,True,False,181.13338599970774
63.493998131498756,29.60444846143345,55.421528362902635,True,False,False,241.75677231422642
54.60949281314914,36.81500697372624,49.70587291499668,False,False,False,220.26217040318244
62.1929317825844,30.283183761304613,55.938856155976715,False,True,False,231.1047398579471
59.44443262885419,30.29756139495745,51.18064479486278,False,False,False,228.90964312562582
37.56507483616892,39.382838059759976,33.12424744636952,False,True,False,176.5957698675371
,24.839552717826262,35.05540836523992,True,False,False,
61.20940407684893,30.961207769409835,51.302606489979055,False,False,False,224.07636822294745
59.155553981501974,25.377247112949576,45.67088603621598,False,False,False,218.26636393185376
49.68647609053778,25.655037725676845,37.29458422216331,False,True,False,188.16877421182934
51.75991074963173,26.908278765313607,41.39780522747253,False,False,False,191.20317669469952
69.16497343682637,32.22133771633713,54.821424881886315,False,True,False,249.08772302469046
41.12642916746255,25.212513783365225,31.541459185988217,False,True,False,164.48186492859114
58.20646071755057,42.55756125573521,48.6543309164106,False,True,False,242.85648449247608
46.96711021349159,21.053926977804963,40.4396037965048,False,True,False,169.60196418994332
46.73478195159169,28.13128355838641,37.653046220148894,True,False,False,177.76177490505128
66.48165277980786,25.60268941725825,57.617912467012076,False,True,False,231.20695095301346
,44.46977884353733,46.479928845455845,False,False,True,
62.20264454000958,31.965547765115748,49.18113725416851,False,False,False,228.12443867857647
69.58218210731494,40.31844539468635,53.51527872404354,False,False,True,289.15329096614016
50.31505762449139,15.144396269630281,34.65243624837394,True,False,False,170.37951579015163
60.22929456942446,32.67050265869259,47.93539359801147,False,False,True,212.29192347333145
45.34599865109816,38.89630795623437,35.911556395728674,False,False,False,194.14108455461295
54.86249528732663,30.822839892754242,48.430345459587706,False,False,True,212.23747786256084
48.047854184484734,40.654803750653514,40.33071840125213,True,False,False,214.019516719628
51.45493947489077,24.827115498996278,38.091391106925,False,True,False,193.9105015669884
58.9273553815537,44.0934744018558,52.70416200424553,False,False,True,238.2515962799264
37.726689751497915,52.9889812361925,33.84445288777439,True,False,False,190.3724061208083
81.3858091352819,26.37161439560341,66.85494041863137,True,False,False,286.3342071724587
34.90973927750447,25.54497478599228,27.248339125454084,False,False,False,125.72896600901856
31.78717080818402,44.53384477117701,22.551418936376777,False,False,False,172.8712534564412
67.37166310250102,228.97860728653563,52.78071015378766,False,False,True,540.9335411508691
,24.771399728467316,52.76619818666779,False,True,False,
59.36179725578233,25.798131829041427,53.14319672242969,True,False,False,219.92231063992185
59.4251826389642,27.182153911394927,52.16987669598794,False,False,True,226.08553187513678
49.81629840729628,16.55549488965723,38.3864904604782,True,False,False,183.47752504438486
36.54118442771252,20.813480535158018,25.874095242302985,True,False,False,145.42883050741457
,19.95859233247932,41.332313439058325,False,True,False,
,22.322024348958713,26.568741365166105,False,True,False,
64.62679600126627,29.653151126132187,52.67093994356736,False,False,True,243.3374641447739
47.79413927746792,32.342147325365204,37.79250366307833,False,True,False,187.1956563006776
37.61754204811233,45.50500492814077,28.695924132885136,False,True,False,178.36284473984438
45.1792123752051,20.01645959261209,31.359260698363695,False,False,True,183.2798868982847
56.193971814134365,39.843223984765835,46.49597777101664,False,True,False,221.88120273914848
41.54413170794038,27.86011155774491,31.637202847366574,False,False,False,167.65709947352875
37.666694066503524,29.50536290347567,26.62360474607196,True,False,False,158.16587884844787
53.65530817237868,36.74819492166604,34.307459898058,True,False,False,213.6021811253887
53.674498566630845,18.772779784377015,42.85705413815277,True,False,False,193.29787286902155
,33.82409746184051,39.233436685555674,True,False,False,
42.93442541572516,31.66452208213056,39.331317976223744,False,False,True,170.89350590519066
53.480749060364545,34.92451264008149,41.41331047853283,True,False,False,213.63986983358828
28.27873487754014,32.89168643907818,20.81635172094677,True,False,False,125.51479558105882
28.888043384351672,54.55300139910894,24.51675747570641,True,False,False,174.80202119825682
39.22333668121346,23.62260015748684,28.383513027405897,True,False,False,154.51580876277166
46.798292724322295,24.690030449981823,38.34400987891623,False,False,False,178.08856294167632
54.66361348397007,23.768594735752355,46.02913162233013,True,False,False,204.91598334651798
72.13034325424329,24.445228808397452,61.38507427504755,False,False,False,250.85479065157884
62.86489434803029,23.626128726934823,49.99145324898438,False,False,True,233.3460518082387
,41.89016531107552,37.46971638990798,False,True,False,
,44.20504247989855,37.13785774489806,True,False,False,
34.96205953043287,24.29253706250524,25.489006562226713,False,True,False,136.91769472461763
49.72230296011415,21.676444268957713,39.09840569238674,False,True,False,168.1121427422143
45.670120416197925,34.71415556386404,37.63819285340688,False,False,True,188.45331532668797
54.84077840507134,24.477769557190285,46.61337660275682,False,True,False,197.70324397296577
37.59153584671515,36.32931817755511,27.663691825331092,False,False,False,164.57999291727785
57.79019771361759,32.029230208513,50.71022387777264,False,True,False,223.2676225774941
72.99108369503867,14.84255885002768,57.57949615290323,False,True,False,250.01982824726372
48.36859777314714,45.47505201330061,38.630776335472405,False,True,False,211.7847240282152
56.02567583148412,47.95877673095522,42.57890562774383,True,False,False,234.48225203233397
60.352159875666686,23.872113095156138,41.00900711971453,True,False,False,207.85227477146387
43.98169292171246,26.12298440064016,37.83749052645312,False,False,False,167.38409303562526
53.36138722715625,32.85865390724905,44.899641473002305,False,False,False,194.2695438283395
50.18888601172692,33.34456789987025,39.3071261380269,True,False,False,194.78244513685524
,36.5854427267283,41.373085334260594,False,False,False,
38.404853242168,50.102045387663495,32.2717002468467,True,False,False,183.78075417137185
50.36765261388414,28.230527725059506,35.60648452044768,False,False,True,200.47847631564412
57.46997436868175,22.017027554615463,44.38882146290651,False,True,False,195.62360771950054
71.76715411692562,16.20680771985473,59.79651733240598,False,True,False,253.78044112504344
64.3890623912781,22.69069960058081,47.74838164351473,False,False,False,241.90409043922318
82.29773686267335,148.34365135631015,66.71886328663857,True,False,False,474.13686007496426
,47.94557863517788,26.722083831473192,True,False,False,
63.08480955081017,24.823887009638284,51.86713758794872,False,False,False,229.33660296630924
52.75013008607527,32.237879516388986,42.09317962196777,True,False,False,212.75534644600575
82.8470439982651,29.83577103927248,61.43223975089555,False,False,True,305.39025956755626
37.87552571967273,41.88393273448084,33.7946386391097,False,True,False,177.89022388552704
37.40417236728836,55.26932425873622,27.719563163436543,False,False,False,182.69748379728892
41.009110318339665,24.691312270796793,30.376530943628588,False,False,False,166.37600620308936
18.141564135352898,25.10560557481778,15.114958899975148,True,False,False,88.30822401281765
42.113674674788584,40.44160877069072,37.13685178811701,False,False,False,183.82319861275815
38.61301007669453,36.81891489626312,27.842942604420436,False,False,True,175.45056190630777
52.25590679714311,48.46707325736034,41.98976498725841,True,False,False,233.99857731520885
55.12633963665739,179.1964092662982,45.38752121031764,True,False,False,435.37470988146924
78.14256258823829,26.407079092129404,64.59336689238006,True,False,False,279.1241426921674
64.25635757279075,35.90654830692309,51.93441072406427,True,False,False,240.9740381062753
41.346445165063955,41.087035805829075,31.976072614801197,False,False,True,187.3282588461492
36.52377992977463,38.204821811973645,26.736253281873548,True,False,False,173.67125611089133
57.37878757259759,35.07274031107298,46.1614617072172,False,False,False,238.92780259589594
,40.666746895891535,20.940784479795475,False,False,True,
77.47188148781531,41.692955904456724,53.213453739768426,False,True,False,298.4188917819529
67.69160181081931,43.82158991037527,55.46296086112845,False,True,False,275.5272689119857
42.962365218429426,36.48709887589643,37.081696698002126,False,False,False,199.47037728765443
24.302982063636836,28.328819196831457,12.353588344283956,False,False,False,110.03548669228974
70.3080856124812,157.33568432166612,53.21727637585514,False,False,True,453.96538214164343
48.28190232121073,42.06508966508357,40.48298463998418,False,True,False,214.09008505714672
68.56724467960193,21.83064329012764,61.02628215281664,False,True,False,250.03059046261123
,33.686733088729014,20.92924921749382,False,True,False,
41.00937465569341,26.066611876726395,30.62349090086732,False,True,False,154.61279551176568
50.07865549577275,30.287448229348175,39.51423507330368,False,True,False,195.83819652017814
50.70470890647113,42.78451862607299,44.68839638262146,True,False,False,219.31272595709598
43.249017927811344,31.910990680199035,32.66132180487547,False,False,False,186.59645143360305
59.34274898521248,30.464365481561487,45.07662316821923,True,False,False,227.86514538447784
,16.401438590200808,25.74032428086277,False,True,False,
47.8643077246806,37.46253566027221,35.431460354968344,False,False,True,205.11841822249923
51.804434475678484,36.45484181141075,41.81155852852718,False,False,True,214.5039219543472
57.71658251088124,51.6325472330546,51.04730138411367,False,True,False,264.5586998221279
60.674223171333345,26.922217650469992,49.50861635641477,False,True,False,223.7312675382533
33.13036862243196,32.19150327663939,25.747234391566707,False,False,True,146.61369347383447
26.988287438965667,32.49383683710755,20.715196144425903,True,False,False,133.30248981313295
69.16515232847763,45.77453279763475,50.642549436692136,True,False,False,277.7451387365933
54.98471017969388,29.04704467613048,46.63709747519658,False,True,False,195.95675070787996
38.7727019516517,32.790215257703395,30.784649970282953,True,False,False,165.37821224853283
73.26727963283784,36.078965097165394,58.072383965498396,False,False,True,275.11438058101356
51.73511951439288,31.86609123156358,50.96741831504889,True,False,False,198.6535204642895
67.6894577609574,25.535663854494718,55.04782493386298,False,True,False,249.65653536559805
51.01277722115164,31.940899928983075,38.55484862663576,False,False,True,196.66424478403357
80.91121887322981,40.73631749859772,63.44990230996723,True,False,False,307.4830818237823
76.33011263664807,19.7348470058894,64.50942723690872,False,False,False,257.40975242002844
46.2655377728139,31.32969674146876,37.352241449864415,False,False,True,188.65271847581909
,22.998791850608267,47.34401747650018,False,False,True,
59.680639243777215,41.950466289248425,50.50219819874739,False,False,False,231.50702209407626
70.52947336298523,73.84065476081126,54.4191464337712,False,False,False,323.88268936405086
35.52614809129843,24.410781527284115,34.04081180169138,False,False,True,163.5061964825271
60.29077189997659,33.772118750645205,51.47276171712522,False,False,False,219.07638705886777
65.87636730274382,45.65524029234341,51.359128155218805,False,True,False,265.6510986370225
23.618907703653285,29.34249738927012,22.738175248127966,False,True,False,123.85638379345558
32.25112231001337,122.24002366534009,26.00446437959291,False,True,False,282.526356411679
,48.8115706944059,18.087534892245454,False,False,True,
45.95889748333163,15.51986099583756,38.221316438548726,False,False,False,142.1511558550103
60.76313383693943,8.011940433799182,46.071437104578926,False,False,False,199.09330715855668
72.53535578144042,172.0007225026666,56.097635128199954,True,False,False,469.5136454484524
51.111421706296625,24.979457756473888,43.97901981778078,True,False,False,193.2824700302659
,19.78767182869287,58.539060550535886,False,False,False,
29.29847812677663,37.08356447299353,22.227837111695315,False,False,False,161.74744532311325
24.44926340967268,32.43800713771199,16.69404298969009,False,False,False,126.37836352571304
49.16678451655072,24.359213692632714,40.604224810020966,False,False,True,185.13818345449894
55.76098173408961,17.196956013291057,50.79636014500113,False,False,False,181.00083714817697
49.509578778588605,38.724573282801444,36.40506428010807,True,False,False,207.58477147476717
,36.50201177958661,15.263353169539755,False,False,True,
48.66319940730818,29.00824136220617,43.16722119209284,False,False,False,188.85754513068
30.432957492427203,48.466369960476655,24.107441820204617,True,False,False,159.95317653849708
60.04508823245058,19.299152336738473,49.39318597470967,False,False,True,206.5032998916889
55.498973691452726,14.74474829075261,41.211998368721545,False,False,False,192.89517499412963
35.90180320508967,23.080919301187556,30.006363855694683,False,False,False,148.4018920815236
42.2919962399496,29.544139836445023,33.272164196946036,False,False,False,182.08187939708526
34.11179717166573,32.43339449322692,30.24662772437217,False,False,True,145.0254841091547
49.059813540902425,27.587639421436702,42.8100089874162,True,False,False,192.76872022220323
64.32713480751858,33.520553965142966,59.2303987720707,True,False,False,242.28860373492722
35.21410930496684,17.48460575809556,29.9101869636142,False,True,False,131.13136291497761
57.560697732767665,44.437646040732595,47.025947135960635,False,False,False,242.5531690916739
42.04613572441339,29.178488216074314,34.22006148426272,False,True,False,173.1673895263512
38.10690751606484,41.172958315881274,29.426027134419805,False,True,False,180.31030486834902
48.394544600681634,33.42725346377704,39.73108721093038,True,False,False,186.864744460144
34.47136516370939,34.567532191537836,26.690887900550425,False,False,True,151.26690252110328
41.69526041979227,35.69767280232204,33.86159126464266,False,False,True,192.51923666700134
,34.47708560017315,29.5782578957577,True,False,False,
79.47087699374583,36.42722759867544,60.55707389915775,False,False,True,297.5015875633938
50.52895327957593,43.29152530132431,43.84279830704788,False,True,False,224.96147828705972
39.50411738011122,31.965211697014702,35.55463910610857,False,False,False,170.16771426474224
53.20969866101333,37.09003757588512,42.213553347837426,True,False,False,219.63633339464397
48.31507925463755,29.102643057127732,32.28649870668426,False,False,False,195.7558237835543
46.685456007001655,44.40117215449473,35.52489884431803,False,False,True,191.72481616557107
59.21250050065138,23.2360769794073,51.260984040204434,False,False,False,208.57201572978082
61.36261565070958,240.04702164554078,49.021488333671016,False,False,True,549.9072257924366
42.04248278584209,29.598420493556567,30.636079531788937,False,False,True,183.62623355432237
41.3627263903298,15.692248978819519,31.57585634857919,False,True,False,148.15531711646483
45.874224542725344,31.281044149107892,39.22123971369393,False,False,True,179.7865081577891
15.471182528966224,23.18948342525119,14.017146727777117,False,True,False,74.65308432789145
27.272134067021717,38.406435489887244,21.10091095610829,False,True,False,146.4969450635206
70.50311401166786,23.473760206976092,55.30201797389023,False,True,False,244.97779368633263
74.67451570251926,25.538165667852205,58.564338114883945,True,False,False,262.2731952430134
46.264459406654325,11.104592690544692,34.244336971827956,True,False,False,160.37050880595856
58.648354445836496,25.476936807509233,51.76481062507753,False,False,True,192.9482790872247
54.66875231815304,5.761206733710434,42.76804044688842,False,True,False,188.65100714708942
96.18321212682856,14.160971765142767,80.59804526393935,True,False,False,303.94250334779133
66.79362367151865,37.604146561442974,57.998847092982274,False,True,False,258.72258181250896
48.0812361277885,37.85800158650832,41.45992159667468,False,False,False,187.39313465515784
35.666893390993614,34.254575617849646,27.23865377464075,False,False,False,155.002214716515
25.90330519613641,20.33023856870787,21.93383442791896,False,False,False,118.16277781239181
,29.5228864385802,42.36897681123393,False,False,True,
38.654738820735446,29.963974609094315,28.212685474397972,False,True,False,169.91977907336093
28.666194356034886,18.416353108074574,23.90603332999272,False,False,False,111.43354396035744
40.301406736362104,45.0339830176715,28.704006015610275,True,False,False,192.35251025735508
33.77677994578407,38.77362290575671,30.58446212201195,False,False,False,164.75096950386816
75.30712452608847,27.79035826170336,58.8518477289756,False,False,False,271.1382829667479
63.224596354241754,30.268858389945308,51.18315605101193,False,False,False,228.1574714345966
49.88041038025074,32.08382807947552,40.75419191883901,False,False,True,196.8505800876853
72.19916208335039,9.582651315757094,56.982614745568085,True,False,False,219.27901380568028
51.16052461471428,27.528226174794032,42.68850109619725,False,True,False,198.7082837590385
37.08073698007605,23.180157520022014,28.239878614193266,True,False,False,159.62888845238857
72.84686115904486,19.983799901050844,60.891380819607626,False,True,False,233.92075623529917
58.08365065526988,27.188997071140452,42.42898148347566,False,False,True,210.94128032341604
34.441307685103155,47.976865268495224,27.93218488672176,False,False,True,175.8350187509888
47.14491982874588,36.4084286126701,43.53272286017155,False,False,True,199.43413379495124
36.86572619922865,24.28821010217203,26.491586985566194,False,False,True,156.0629041624194
,178.62913906780793,21.373168316853416,False,True,False,
